Patient,ROC_AUC,Accuracy
chb01,0.5505115089514067,0.46875
chb04,1.0,0.9875776397515528
chb06,0.7660292253783643,0.721627408993576
chb07,0.951574569221628,0.8203592814371258
chb08,0.7902755696873345,0.7430167597765364
chb10,0.3939883645765999,0.389937106918239
chb16,0.9580797836375929,0.8580645161290322
chb20,0.45572250639386186,0.45
chb22,0.7307571964956195,0.6481481481481481
