Patient,ROC_AUC,Accuracy
chb01,0.5479539641943734,0.45625
chb04,1.0,0.9813664596273292
chb06,0.7296466114963095,0.6359743040685225
chb07,0.9754901960784315,0.7904191616766467
chb08,0.6587175410704823,0.664804469273743
chb10,0.31577246283128635,0.4276729559748428
chb16,0.9491210277214334,0.8516129032258064
chb20,0.3553388746803069,0.38125
chb22,0.7407697121401752,0.6481481481481481
